"Artist","Album","hof_num","Label","rel_date"
"Fudge Tunnel","Hate Songs in E Minor","dB HoF No. 195","Label: Earache","Release date: August 20, 1991"
"King Diamond","“Them”","dB HoF No. 194","Label: Roadrunner","Release date: September 13, 1988"
"Judas Priest","Painkiller","dB HoF No. 193","Label: Columbia","Release date: September 3, 1990"
"Swans","Children of God","dB HoF No. 192","Label: Caroline/Mute","Release date: October 19, 1987"
"Die Kreuzen","October File","dB HoF No. 191","Label: Touch and Go","Release date: May 1986"
"Baroness","Red Album","dB HoF No. 190","Label: Relapse","Release date: September 4, 2007"
"Slint","Spiderland","dB HoF No. 189","Label: Touch and Go","Release date: March 27, 1991"
"Municipal Waste","The Art of Partying","dB HoF No. 188","Label: Earache","Release date: June 11, 2007"
"Earth Crisis","Destroy the Machines","dB HoF No. 187","Label: Victory","Release date: May 25, 1995"
"Ved Buens Ende","Written In Waters","dB HoF No. 186","Label: Misanthropy","Release date: October 1995"
"Clutch","Blast Tyrant","dB HoF No. 185","Label: DRT Entertainment","Release date: March 23, 2004"
"Shai Hulud","Hearts Once Nourished With Hope and Compassion","dB HoF No. 184","Label: Crisis","Release date: November 4, 1997"
"Mare","Mare","dB HoF No. 183","Label: Hydra Head","Release date: October 5, 2004"
"Behemoth","Demigod","dB HoF No. 182","Label: Regain/Olympic Recordings","Release date: October 25, 2004"
"Madball","Set It Off","dB HoF No. 181","Label: Roadrunner","Release date: July 26, 1994"
"Sacrilege","Behind the Realms of Madness","dB HoF No. 180","Label: Pusmort","Release date: July 19, 1985"
"Armored Saint","Symbol of Salvation","dB HoF No. 179","Label: Metal Blade","Release date: May 14, 1991"
"Tormentor","Anno Domini","dB HoF No. 178","Label: Self-released","Release date: 1989"
"The Darkness","Permission to Land","dB HoF No. 177","Label: Atlantic","Release date: July 7, 2003"
"Anthrax","Fistful of Metal","dB HoF No. 176","Label: Megaforce","Release date: January 1984"
"Avail","Over the James","dB HoF No. 175","Label: Lookout!","Release date: April 7, 1998"
"Varathron","His Majesty at the Swamp","dB HoF No. 174","Label: Cyber Music","Release date: August 1993"
"The Accüsed","More Fun Than an Open Casket Funeral!","dB HoF No. 173","Label: Combat","Release date: May 5, 1987"
"Michael Schenker Group","Assault Attack","dB HoF No. 172","Label: Chrysalis","Release date: October 1982"
"Emperor/Enslaved","Emperor/Hordanes Land","dB HoF No. 171","Label: Candlelight","Release date: June 1993"
"Carcass","Symphonies of Sickness","dB HoF No. 170","Label: Earache","Release date: November 4, 1989"
"Watain","Casus Luciferi","dB HoF No. 169","Label: Drakkar Productions","Release date: November 2003"
"Asphyx","The Rack","dB HoF No. 168","Label: Century Media","Release date: April 13, 1991"
"Testament","The New Order","dB HoF No. 167","Label: Megaforce / Atlantic","Release date: May 5, 1988"
"Ripping Corpse","Dreaming with the Dead","dB HoF No. 166","Label: Kraze","Release date: June 1, 1991"
"Budgie","Never Turn Your Back on a Friend","dB HoF No. 165","Label: MCA","Release date: June 1973"
"Gojira","From Mars to Sirius","dB HoF No. 164","Label: Listenable","Release date: September 27, 2005"
"Exhorder","Slaughter in the Vatican","dB HoF No. 163","Label: R/C","Release date: October 23, 1990"
"Judas Priest","Stained Class","dB HoF No. 162","Label: CBS","Release date: February 10, 1978"
"Grief","Come to Grief","dB HoF No. 161","Label: Century Media","Release date: November 1, 1994"
"Enslaved","Below the Lights","dB HoF No. 160","Label:  Osmose","Release date: April 14, 2003"
"Paradise Lost","Icon","dB HoF No. 159","Label: Music for Nations","Release date: September 23, 1993"
"Kreator","Pleasure to Kill","dB HoF No. 158","Label: Noise","Release date: November 1, 1986"
"Monster Magnet","Spine of God","dB HoF No. 157","Label: Caroline","Release date: 1992"
"Dream Death","Journey Into Mystery","dB HoF No. 156","Label: New Renaissance","Release date: October 16, 1987"
"Focus","Moving Waves","dB HoF No. 155","Label: Imperial","Release date: October 1971"
"Prong","Beg to Differ","dB HoF No. 154","Label: Epic","Release date: March 1990"
"Nuclear Assault","Game Over","dB HoF No. 153","Label: Under One Flag","Release date: October 1986"
"Tank","Filth Hounds of Hades","dB HoF No. 152","Label: Kamaflage","Release date: March 1982"
"Crowbar","Odd Fellows Rest","dB HoF No. 151","Label: Mayhem","Release date: July 6, 1998"
"Soundgarden","Ultramega OK","dB HoF No. 150","Label: SST","Release date: October 31, 1988"
"Cannibal Corpse","The Bleeding","dB HoF No. 149","Label: Metal Blade","Release date: April 12, 1994"
"Today is the Day","Temple of the Morning Star","dB HoF No. 148","Label: Relapse","Release date: September 23, 1997"
"Dimmu Borgir","Death Cult Armageddon","dB HoF No. 147","Label: Nuclear Blast","Release date: September 8, 2003"
"Saxon","Wheels of Steel","dB HoF No. 146","Label: Carrere","Release date: May 5, 1980"
"Hellhammer","Apocalyptic Raids","dB HoF No. 145","Label: Noise Records","Release date: March 7, 1984"
"Entombed","Clandestine","dB HoF No. 144","Label: Earache","Release date: November 12, 1991"
"The Locust","Plague Soundscapes","dB HoF No. 143","Label: Anti-","Release date: June 24, 2003"
"Neurosis","Times of Grace","dB HoF No. 142","Label: Relapse","Release date: May 4, 1999"
"Neurosis","Through Silver In Blood","dB HoF No. 141","Label: Relapse","Release date: April 2, 1996"
"Neurosis","Souls at Zero","dB HoF No. 140","Label: Alternative Tentacles","Release date: May 19, 1992"
"W.A.S.P.","W.A.S.P.","dB HoF No. 139","Label: Capitol Records","Release date: August 17, 1984"
"Dropdead","Dropdead","dB HoF No. 138","Label: Selfless","Release date: November 1993"
"Emperor","Anthems to the Welkin at Dusk","dB HoF No. 137","Label: Candlelight","Release date:  July 8, 1997"
"Mastodon","Leviathan","dB HoF No. 136","Label: Relapse Records","Release date: August 31st, 2004"
"Satan","Court in the Act","dB HoF No. 135","Label: Roadrunner Records","Release date: June 1983"
"Fates Warning","Awaken the Guardian","dB HoF No. 134","Label: Metal Blade Records/Enigma","Release date: November 10, 1986"
"Sepultura","Arise","dB HoF No. 133","Label: Roadrunner Records","Release date: April 2nd, 1991"
"Converge","You Fail Me","dB HoF No. 132","Label: Epitaph Records","Release date: September 20th, 2004"
"Sacrifice","Forward to Termination","dB HoF No. 131","Label: Diabolic Force","Release date: October 12, 1987"
"Reverend Bizarre","In the Rectory of the Bizarre Reverend","dB HoF No. 130","Label: Sinister Figure","Release date: November 24, 2002"
"Napalm Death","From Enslavement to Obliteration","dB HoF No. 129","Label: Earache","Release date: September, 1988"
"TAD","8-Way Santa","dB HoF No. 128","Label: Sub Pop","Release date: February 1, 1991"
"Autopsy","Severed Survival","dB HoF No. 127","Label: Peaceville","Release date: April 24, 1989"
"Slaughter","Strappado","dB HoF No. 126","Label: Diabolic Force","Release date: 1987"
"Fear Factory","Demanufacture","dB HoF No. 125","Label: Roadrunner","Release date: June 16, 1995"
"Death Angel","The Ultra-Violence","dB HoF No. 124","Label: Enigma","Release date: April 23, 1987"
"Celtic Frost","To Mega Therion","dB HoF No. 123","Label: Noise Records","Release date: October 27th, 1985"
"Bang","Bang","dB HoF No. 122","Label: Capitol","Release date: 1971"
"Living Colour","Vivid","dB HoF No. 121","Label: Epic","Release date: 1988"
"Tiamat","Wildhoney","dB HoF No. 120","Label: Century Media","Release date: 1994"
"Spazz","La Revancha","dB HoF No. 119","Label: Sound Pollution","Release date: August 5, 1997"
"Samael","Worship Him","dB HoF No. 118","Label: Osmose Production","Release date: 1991"
"L7","Bricks Are Heavy","dB HoF No. 117","Label: Slash/Reprise","Release date: April 14, 1992"
"At the Gates","The Red in the Sky Is Ours","dB HoF No. 116","Label: Deaf","Release date: July 27, 1992"
"Corrosion of Conformity","Blind","dB HoF No. 115","Label: Relativity","Release date: November 5, 1991"
"Melvins","Stoner Witch","dB HoF No. 114","Label: Atlantic","Release date: October 18, 1995"
"Destruction","Infernal Overkill","dB HoF No. 113","Label: Steamhammer/Metal Blade","Release date: May 24, 1985"
"Scorpions","In Trance","dB HoF No. 112","Label: RCA","Release date: September 1975 (Europe)"
"Failure","Fantastic Planet","dB HoF No. 111","Label: Slash/Warner Bros.","Release date: August 13, 1996"
"Skepticism","Stormcrowfleet","dB HoF No. 110","Label: Red Stream, Inc.","Release date: 1995"
"Agnostic Front","Cause for Alarm","dB HoF No. 109","Label: Combat Core","Release date: May 1986"
"Opeth","Blackwater Park","dB HoF No. 108","Label: Music for Nations","Release date: March 2001"
"Integrity","Systems Overload","dB HoF No. 107","Label: Victory","Release date: 1995"
"Venom","Black Metal","dB HoF No. 106","Label: Neat","Release date: November 1982"
"Bad Religion","Suffer","dB HoF No. 105","Label: Epitaph","Release date: 1988"
"High on Fire","Surrounded by Thieves","dB HoF No. 104","Label: Relapse","Release date: 2002"
"Solitude Aeturnus","Beyond the Crimson Horizon","dB HoF No. 103","Label: Roadrunner","Release date: 1992"
"Pig Destroyer","Prowler in the Yard","dB HoF No. 102","Label: Relapse","Release date: 2001"
"Floor","Floor","dB HoF No. 101","Label: No Idea","Release date: 2002"
"Carcass","Heartwork","dB HoF No. 100","Label: Columbia/Earache","Release date: 1993"
"Pestilence","Consuming Impulse","dB HoF No. 99","Label: Roadrunner/RC","Release date: 1989"
"Rigor Mortis","Rigor Mortis","dB HoF No. 098","Label: Capitol","Release date: 1988"
"Slayer","South of Heaven","dB HoF No. 097","Label: Def Jam","Release date: 1988"
"Sepultura","Beneath the Remains","dB HoF No. 096","Label: Roadrunner","Release date: 1989"
"Sarcófago","I.N.R.I.","dB HoF No. 095","Label: Cogumelo","Release date: 1987"
"Killswitch Engage","Alive or Just Breathing","dB HoF No. 094","Label: Roadrunner","Release date: 2002"
"Agalloch","The Mantle","dB HoF No. 093","Label: The End","Release date: 2002"
"Sick of It All","Scratch the Surface","dB HoF No. 92","Label: Eastwest","Release date: 1994"
"Isis","Oceanic","dB HoF No. 91","Label: Ipecac","Release date: 2002"
"Nuclear Death","Bride of Insect","dB HoF No. 90","Label: Wild Rags","Release date: 1990"
"Dying Fetus","Destroy the Opposition","dB HoF No. 89","Label: Relapse","Release date: 2000"
"Unsane","Scattered, Smothered & Covered","dB HoF No. 88","Label: Amphetamine Reptile","Release date: 1995"
"Megadeth","Rust In Peace","dB HoF No. 87","Label: Capitol Records","Release date: 1990"
"Deceased","Fearless Undead Machines","dB HoF No. 86","Label: Relapse","Release date: 1997"
"Overkill","The Years of Decay","dB HoF No. 85","Label: Megaforce","Release date: 1989"
"King Diamond","Abigail","dB HoF No. 84","Label: Roadrunner","Release date: 1987"
"Cryptopsy","None So Vile","dB HoF No. 83","Label: Wrong Again","Release date: 1996"
"Tragedy","Tragedy","dB HoF No. 82","Label: Tragedy Records","Release date: 2000"
"Ministry","The Mind Is a Terrible Thing to Taste","dB HoF No. 81","Label: EMI","Release date: 1988"
"Queensrÿche","Operation: Mindcrime","dB HoF No. 80","Label: EMI","Release date: 1988"
"Rorschach","Protestant","dB HoF No. 79","Label: Gern Blandsten","Release date: 1993"
"Cradle of Filth","The Principle of Evil Made Flesh","dB HoF No. 78","Label: Cacophonous","Release date: 1994"
"Coroner","No more Color","dB HoF No. 77","Label: Noise","Release date: 1989"
"Killing Joke","Killing Joke","dB HoF No. 76","Label: E.G. Records","Release date: 1980"
"Burzum","Filosofem","dB HoF No. 75","Label: Misanthropy","Release date: 1996"
"Obituary","Cause of Death","dB HoF No.","Label: Roadrunner","Release date: September 19, 1990"
"The Jesus Lizard","Goat","dB HoF No. 73","Label: Touch & Go","Release date: 1991"
"Corrosion of Conformity","Animosity","dB HoF No. 72","Label: Death/Metal Blade","Release date: 1985"
"Satyricon","Nemesis Divina","dB HoF No. 71","Label: Moonfog","Release date: 1996"
"Venom","Welcome to Hell","dB HoF No. 70","Label: Neat","Release date: 1981"
"Angel Witch","Angel Witch","dB HoF No. 69","Label: Bronze","Release date: 1980"
"Amorphis","Tales From the Thousand Lakes","dB HoF No. 68","Label: Relapse","Release date: 1994"
"Refused","The Shape of Punk to Come","dB HoF No. 67","Label: Burning Heart","Release date: 1998"
"Dismember","Like an Ever Flowing Stream","dB HoF No. 66","Label: Nuclear Blast","Release date: May 29, 1991"
"Type O Negative","Bloody Kisses","dB HoF No. 65","Label: Roadrunner","Release date: 1993"
"Pentagram","Relentless","dB HoF No. 64","Label: Pentagram; reissue label: Peaceville","Release date: 1985; reissued: 1993"
"Motörhead","Ace of Spades","dB HoF No. 63","Label: Bronze","Release date: November 1980"
"Dark Tranquillity","The Gallery","dB HoF No. 62","Label: Osmose Productions","Release date: November 27, 1995"
"Saint Vitus","Born Too Late","dB HoF No. 61","Label: SST","Release date: 1987"
"Enslaved","Frost","dB HoF No. 60","Label: Osmose","Release date: 1994"
"Watchtower","Control and Resistance","dB HoF No. 59","Label: Noise","Release date: November 1989"
"Trouble","Psalm 9","dB HoF No. 58","Label: Metal Blade","Release date: 1984"
"Accept","Restless and Wild","dB HoF No. 57","Label: Brain","Release date: October 1982"
"Cynic","Focus","dB HoF No. 56","Label: Roadrunner","Release date: 1993"
"D.R.I.","Dealing With It","dB HoF No. 55","Label: Death/Metal Blade","Release date: March 1985"
"Judge","Bringin’ It Down","dB HoF No. 54","Label: Revelation","Release date: 1989"
"S.O.D.","Speak English or Die","dB HoF No. 53","Label: Megaforce","Release date: December 1985"
"Nile","Amongst the Catacombs of Nephren-Ka","dB HoF No. 52","Label: Relapse","Release date: 1998"
"Suffocation","Effigy of the Forgotten","dB HoF No. 51","Label: Roadrunner","Release date: 1991"
"Autopsy","Mental Funeral","dB HoF No. 50","Label: Peaceville","Release date: 1991"
"Discordance Axis","The Inalienable Dreamless","dB HoF No. 49","Label: Hydra Head","Release date: August 2000"
"Incantation","Onward to Golgotha","dB HoF No. 48","Label: Hydra Head","Release date: August 2000"
"Candlemass","Nightfall","dB HoF No. 47","Label: Active","Release date: November 1987"
"Metallica","… And Justice for All","dB HoF No. 46","Label: Elektra","Release date: August 25, 1988"
"Kyuss","Welcome to Sky Valley","dB HoF No. 45","Label: Elektra","Release date: June 1994"
"Testament","The Legacy","dB HoF No. 44","Label: Megaforce","Release date: 1987"
"Black Sabbath","Heaven and Hell","dB HoF No. 43","Label: Warner Bros.","Release date: April 25, 1980"
"Repulsion","Horrified","dB HoF No. 42","Label: Necrosis","Release date: 1989"
"Down","NOLA","dB HoF No. 41","Label: East West","Release date: Sept. 19, 1995"
"Cannibal Corpse","Tomb of the Mutilated","dB HoF No. 40","Label: Metal Blade","Release date: September 1992"
"Napalm Death","Scum","dB HoF No. 39","Label: Earache","Release date: July 1, 1987"
"Mastodon","Remission","dB HoF No. 38","Label: Relapse","Release date: May 2002"
"Coalesce","0:12 Revolution in Just Listening","dB HoF No. 37","Label: Relapse","Release date: September 1999"
"Opeth","Orchid","dB HoF No. 36","Label: Candlelight","Release date: May 1995"
"Converge","Jane Doe","dB HoF No. 35","Label: Equal Vision","Release date: 2001"
"Diamond Head","Lightning to the Nations","dB HoF No. 34","Label: Happy Face","Release date: 1980"
"Katatonia","Brave Murder Day","dB HoF No. 33","Label: Avantgarde","Release date: July 1996"
"Immortal","At the Heart of Winter","dB HoF No. 32","Label: Osmose","Release date: 1999"
"Electric Wizard","Dopethrone","dB HoF No. 31","Label: Rise Above","Release date: 2000"
"Bad Brains","Bad Brains","dB HoF No. 30","Label: ROIR","Release date: February 1982"
"Cave In","Until Your Heart Stops","dB HoF No. 29","Label: Hydra Head","Release date: 1998"
"Quicksand","Slip","dB HoF No. 28","Label: Polydor","Release date: February 9, 1993"
"Cryptic Slaughter","Money Talks","dB HoF No. 26","Label: Death","Release date: 1987"
"Darkthrone","A Blaze in the Northern Sky","dB HoF No. 25","Label: Peaceville","Release date: 1991"
"Celtic Frost","Morbid Tales","dB HoF No. 24","Label: Noise","Release date: 1984"
"Only Living Witness","Prone Mortal Form","dB HoF No. 23","Label: Century Media","Release date: June 1993"
"The Dillinger Escape Plan","Calculating Infinity","dB HoF No. 22","Label: Relapse","Release date: Sept. 28, 1999"
"Meshuggah","Destroy Erase Improve","dB HoF No. 21","Label: Nuclear Blast","Release date: July 25, 1995"
"Monster Magnet","Dopes to Infinity","dB HoF No. 20","Label: A&M","Release date: March 21, 1995"
"Rollins Band","The End of Silence","dB HoF No. 19","Label: Imago","Release date: February 25, 1992"
"Brutal Truth","Need to Control","dB HoF No. 18","Label: Earache","Release date: October 25, 1994"
"Deadguy","Fixation on a Coworker","dB HoF No. 17","Label: Victory","Release date: 1995"
"Eyehategod","Take as Needed for Pain","dB HoF No. 16","Label: Century Media","Release date: 1993"
"My Dying Bride","Turn Loose the Swans","dB HoF No. 15","Label: Peaceville","Release date: 1993"
"Morbid Angel","Altars of Madness","dB HoF No. 14","Label: Earache","Release date: 1989"
"Sleep","Jerusalem","dB HoF No. 13","Label: The Music Cartel","Release date: 1998"
"Cathedral","Forest of Equilibrium","dB HoF No. 12","Label: Earache","Release date: 1991"
"Emperor","In the Nightside Eclipse","dB HoF No. 11","Label: Candlelight","Release date: 1995"
"Botch","We Are the Romans","dB HoF No. 10","Label: Hydra Head","Release date: 1999"
"Atheist","Unquestionable Presence","dB HoF No. 9","Label: Metal Blade","Release date: 1991"
"Carcass","Necrotocism","dB HoF No. 8","Label: Earache","Release date: 1991"
"Entombed","Left Hand Path","dB HoF No. 7","Label: Earache","Release date: 1990"
"Anthrax","Among the Living","dB HoF No. 6","Label: Island","Release date: 1987"
"Paradise Lost","Gothic","dB HoF No. 5","Label: Peaceville","Release date: 1991"
"Life of Agony","River Runs Red","dB HoF No. 4","Label: Roadrunner","Release date: 1993"
"Sepultura","Roots","dB HoF No. 3","Label: Roadrunner","Release date: 1996"
"At the Gates","Slaughter of the Soul","dB HoF No. 2","Label: Earache","Release date: 1995"
"Slayer","Reign in Blood","dB HoF No. 1","Label: Def Jam Records","Release date: October 7, 1986"
