norm_to_update,current
Weird Al Yankovic,"""Weird Al"" Yankovic"
Red Sparowes,1
Battle of Mice,2
Battle of Mice,3
Made Out Of Babies,4
Made Out Of Babies,5
Red Sparowes,6
1349,1349
65daysofstatic,65daysofstatic
Code,<code>
A.A. Williams,A.A. Williams
Abjure,Abjure
Aborym,Aborym
Absu,Absu
Acolyte,Acolyte
Aerial Ruin,Aerial Ruin
A Forest of Stars,A Forest of Stars
A Forest of Stars,A Forest Of Stars
Agalloch,Agalloch
Agalloch,AGALLOCH
Agalloch and Mathias Grassow,Agalloch and Mathias Grassow
Ahab,Ahab
Ails,Ails
Akercocke,Akercocke
Alcest,Alcest
Alda,Alda
Alice in Chains,Alice in Chains
Alice in Chains,Alice In Chains
Alien Weaponry,Alien Weaponry
Altar of Plagues,Altar of Plagues
Altar of Plagues,Altar Of Plagues
Amen,Amen
Amenra,Amenra
"American Composers Orchestra (Philip Glass, R. Wilson, M. di Niscemi)","American Composers Orchestra (Philip Glass, R. Wilson, M. di Niscemi)"
Amesoeurs,Amesoeurs
Amon Amarth,Amon Amarth
Amorphis,Amorphis
Anaal Nathrakh,Anaal Nathrakh
Anathema,Anathema
Animals as Leaders,Animals as Leaders
Animals as Leaders,Animals As Leaders
Annihilator,Annihilator
Anthrax,Anthrax
A Perfect Circle,A Perfect Circle
Arbrynth,Arbrynth
Arcade Fire,Arcade Fire
Arch Enemy,Arch Enemy
Arcturus,Arcturus
Arise,Arise
Ascension of the Watchers,Ascension of the Watchers
Ash Borer,Ash Borer
Ashbringer,Ashbringer
Ashenspire,Ashenspire
As it Burns,As It Burns
A Storm of Light,A Storm of Light
A Storm of Light,A Storm Of Light
Astra,Astra
Atheist,Atheist
At the Drive In,At The Drive-In
At the Gates,At The Gates
Audioslave,Audioslave
Audn,AUDN 
Audrey Horne,Audrey Horne
Melissa Auf der Maur,Auf Der Maur
Author and Punisher,Author & Punisher
Baest,Baest
Baptists,Baptists
Baroness,Baroness
Bast,Bast
Battle of Mice,Battle of Mice
Behemoth,Behemoth
Believe In Angels,Believe In Angels
Bell Witch,Bell Witch
Bell Witch and Aerial Ruin,BELL WITCH and AERIAL RUIN
Between the Buried and Me,Between the Buried and Me
Between the Buried and Me,Between The Buried And Me
Between the Buried and Me,BetweenThe Buried And Me
Beyond Creation,Beyond Creation
Billie Holiday,Billie Holiday
Biohazard,Biohazard
Bird York,Bird York
Bismuth,Bismuth
Black Country Communion,Black Country Communion
Blackfield,Blackfield
Black Flag,Black Flag
Black Mountain,Black Mountain
Black Sabbath,Black Sabbath
Blood And Time,Blood And Time
Bloodbath,Bloodbath
Blood Incantation,Blood Incantation
Blood Tsunami,Blood Tsunami
Blue Foundation,Blue Foundation
Blut Aus Nord,Blut aus Nord
Blut Aus Nord,Blut Aus Nord
Bob Dylan,Bob Dylan
Bolt Thrower,Bolt Thrower
Bong,Bong
Boris,Boris
Boris & Ian Astbury,Boris & Ian Astbury
Borknagar,Borknagar
Bosphorus,Bosphorus
Bosse-de-Nage,Bosse-de-Nage
Bossk,Bossk
Bossk,Bossk/ .1/ .2
Boss Keloid,Boss Keloid
Botanist,Botanist
Botch,Botch
boysetsfire,boysetsfire
Brian Eno,Brian Eno
Bruce Dickinson,Bruce Dickinson
Bruckner Orchester Linz (Philip Glass),Bruckner Orchester Linz (Philip Glass)
Brutal Truth,Brutal Truth
Budapest Symphony Orchestra,Budapest Symphony Orchestra
Buried Sleeper,Buried Sleeper
Burn by the Sun,Burnt By The Sun
Burn by the Sun,BURNT BY THE SUN
Burst,Burst
Bush,Bush
Bushman's Revenge,Bushman's Revenge
Bushman's Revenge,bushmens revenge
Butthole Surfers & Moby,Butthole Surfers & Moby
Caina,Caina
Candiria,Candiria
Canvas,Canvas
Car Bomb,Car Bomb
Carcass,Carcass
Castle,Castle
Cathedral,Cathedral
Cattle Decapitation,Cattle Decapitation
Cavalera Conspiracy,Cavalera Conspiracy
Cave In,Cave In
Celtic Frost,Celtic Frost
Charger,Charger
Charles Mingus,Charles Mingus
Charles Mingus,Charles Mingus and his Jazz Groups
Chelsea Wolfe,Chelsea Wolfe
Chimaira,CHIMAIRA
Chrch,Chrch
City Of Angels,City Of Angels
Clawfinger,Clawfinger
Closer Than Kin,Closer Than Kin
Clutch,Clutch
Cnoc An Tursa,Cnoc An Tursa
Cobalt,Cobalt
Code,Code
Code Orange,Code Orange
Coheed and Cambria,Coheed and Cambria
Coheed and Cambria,Coheed And Cambria
Cold,Cold
Cold in Berlin,Cold in Berlin
Coltsblood,Coltsblood
Conjurer,Conjurer
Conjurer and Pijn,Conjurer and Pijn
Control Denied,Control Denied
Converge,Converge
Corrupt Moral Altar,Corrupt Moral Altar
Covenant,Covenant
Crackhouse,CRACKHOUSE
Cradle Of Filth,Cradle Of Filth
Craft,Craft
Crescent,Crescent
Crippled Black Phoenix,Crippled Black Phoenix
Crone,Crone
CROWN,Crown
CROWN,CROWN
Cryptopsy,Cryptopsy
Crypt Sermon,Crypt Sermon
Cult of Luna,Cult of Luna
Cult of Luna,Cult Of Luna
Cult of Luna & Julie Christmas,Cult of Luna & Julie Christmas
Cult of Luna & The Old Wind,Cult of Luna & The Old Wind
Cynic,Cynic
Danny Elfman,Danny Elfman
Darkane,Darkane
Darkthrone,Darkthrone
Dark Tranquility,Dark Tranquility
Dark Tranquility,Dark Tranquillity
Dawn Ray'd,Dawn Ray'd
Daylight Dies,Daylight Dies
Deafheaven,Deafheaven
Dearly Beheaded,Dearly Beheaded
Death,Death
Decapitated,Decapitated
December's Cold Winter,December's Cold Winter
Deep Forest,Deep Forest
Deftones,Deftones
Dennis Russell Davies,Dennis Russell Davies (Philip Glass)
De Profundis,De Profundis
De Profundis,DE PROFUNDIS (UK)
Devin Townsend,Devin Townsend
Devin Townsend Project,Devin Townsend Project
Dexter Gordon,Dexter Gordon
Dimmu Borgir,Dimmu Borgir
Dire Straits,Dire Straits
Disillusion,Disillusion
Dog Eat Dog,Dog Eat Dog
Dopethrone,DOPETHRONE
Downfall of Gaia,Downfall of Gaia
Downset,Downset
DragonForce,DragonForce
Dreadnought,Dreadnought
Dream Theater,Dream Theater
Dream Theater,DREAM THEATER
Drudkh,Drudkh
DVNE,DVNE
Dying Fetus,Dying Fetus
Dysrhythmia,Dysrhythmia
Dødheimsgard,Dødheimsgard
earth,earth
earth,Earth
Earth Crisis,Earth Crisis
Earthless,Earthless
earthtone9,earthtone9
earthtone9,Earthtone9
earthtone9,Earthtone 9
Echobrain,Echobrain
Einstürzende Neubauten,Einstürzende Neubauten
Elder,Elder
El Doom & The Born Electric,El Doom & The Born Electric
Electric Wizard,Electric Wizard
Elephant9,elephant9
Elephant9,Elephant9
Elliot Goldenthal,Elliot Goldenthal
Emilio Etsefan,Emilio Etsefan
Emperor,Emperor
Employed To Serve,Employed To Serve
Endstand,Endstand
Ensiferum,Ensiferum
Enslaved,Enslaved
Entombed,Entombed
Ephel Duath,Ephel Duath
Esoteric,Esoteric
Evoken,Evoken
Face Down,Face Down
Faith No More,Faith No More
Fallen Icon,Fallen Icon
Falloch,Falloch
Falls of Rauros,Falls of Rauros
Fallujah,Fallujah
False,False
Fantômas,Fantômas
Farsot & ColdWorld,Farsot & ColdWorld
Fates Warning,Fates Warning
Fear Factory,FearFactory
Fear Factory,Fear Factory
Fen,Fen
Fen,FEN
Filter,Filter
Filter & The Crystal Method,Filter & The Crystal Method
Fleshgod Apocalypse,Fleshgod Apocalypse
Foil,Foil
Foo Fighters,Foo Fighters
Freaky Chakra,Freaky Chakra
Frontierer,Frontierer
Fudge Tunnel,Fudge Tunnel
Fugazi,Fugazi
Full of Hell,Full of Hell
Garbage,Garbage
Gasgiant,Gasgiant
Gatecreeper,Gatecreeper
Geezer Butler,Geezer Butler
Genghis Tron,Genghis Tron
Ghastly,Ghastly
Ghost,Ghost
Glassjaw,Glassjaw
Glassjaw,GlassJaw
Gnaw Their Tongues & Dragged into Sunlight,Gnaw Their Tongues & Dragged into Sunlight
Godflesh,Godflesh
God Forbid,God Forbid
God Is An Astronaut,God Is An Astronaut
Godspeed You! Black Emperor,Godspeed You! Black Emperor
Godthrymm,Godthrymm
Gojira,Gojira
Gold Dust Woman,Gold Dust Woman
Goldfrapp,Goldfrapp
Gorguts,Gorguts
Grails,Grails
Grand General,Grand General
Grand Magus,Grand Magus
Grave,Grave
Greenleaf,Greenleaf
Grey Machine,Grey Machine
Grimfist,Grimfist
Guns N' Roses,Guns N' Roses
Guru Guru,Guru Guru
Haar,Haar
Haar & Ur Draugr,Haar & Ur Draugr
Haken,Haken
Hammers of Misfortune,Hammers of Misfortune
Hannibal,Hannibal
Hans Zimmer,Hans Zimmer
Hans Zimmer and James Newton Howard,Hans Zimmer and James Newton Howard
Hans Zimmer and James Newton Howard,Hans Zimmer and James Newton Howrd
Harakiri for the Sky,Harakiri for the Sky
Harakiri for the Sky,Harakiri For The Sky
Hark,Hark
Havok,Havok
Headless Kross,Headless Kross/ Projections I
Heaven And Hell,Heaven And Hell
Helheim,Helheim
Helmet,Helmet
Helms Alee,Helms Alee
Henry Rollins & Goldie,Henry Rollins & Goldie
Herod,Herod
Hexvessel,Hexvessel
High on Fire,High on Fire
High on Fire,High On Fire
High Spirits,High Spirits
Hob Headless Rises,Hob Headless Rises
Hope Drone,Hope Drone
Horrendous,Horrendous
Howard Shore,Howard Shore
Hundred Year Old Man,Hundred Year Old Man
Hush,Hush
Hypno5e,Hypno5e
I'm Your Boogieman,I'm Your Boogieman
Iced Earth,Iced Earth
Ihsahn,Ihsahn
Immortal,Immortal
Imperial Triumphant,Imperial Triumphant
In A Lonely Place,In A Lonely Place
Incubus & D.J. Greyboy,Incubus & D.J. Greyboy
In Decades Decline,In Decades Decline
India.Arie,India.Arie
In Flames,In Flames
Inner Sanctum,Inner Sanctum
Inquisition,Inquisition
Insomnium,Insomnium
Inter Arma,Inter Arma
Internal Punishment Programs,Internal Punishment Programs
Intronaut,Intronaut
Iron Maiden,Iron Maiden
Iron Maiden,IRON MAIDEN
Iron Reagan,Iron Reagan
Isis,Isis
Ivar Bjørnson & Einar Selvik,Ivar Bjørnson & Einar Selvik
I Wanna Be Your Dog,I Wanna Be Your Dog
Jaco Pastorius,Jaco Pastorius
James Horner,James Horner
James LaBrie,James LaBrie
Janis Joplin,Janis Joplin
Jarboe,Jarboe
Jarboe and Justin K Broadrick,Jarboe + Justin K Broadrick
Jeff Loomis,Jeff Loomis
jesu,jesu
jesu,Jesu
Jex Thoth,Jex Thoth
Jimi Hendrix,Jimi Hendrix
Jimi Hendrix Experience,Jimi Hendrix Experience
John Coltrane,John Coltrane
"John McLaughlin, Jaco Pastorius, Tony Williams","John McLaughlin, Jaco Pastorius, Tony Williams"
John Murphy,John Murphy
John Tavener,John Tavener
John Williams,John Williams
Joy Division,Joy Division
Judas Priest,Judas Priest
Juliette Lewis,Juliette Lewis
Juniper Grave,Juniper Grave
Jurassitol,Jurassitol
Jóhann Jóhannsson,Jóhann Jóhannsson
Katatonia,Katatonia
Kate Gibson,Kate Gibson
Kayo Dot,Kayo Dot
KC & The Sunshine Band,KC & The Sunshine Band
Keelhaul,Keelhaul
Keith Caputo,Keith Caputo
Kerbdog,Kerbdog
Khanate,Khanate
Khemmis,Khemmis
Khold,Khold
Khorada,Khorada
Kilgore,Kilgore
Killswitch Engage,Killswitch Engage
King Britt,King Britt
King Britt & Tim Motzer,King Britt & Tim Motzer
King Buffalo,King Buffalo
King Crimson,King Crimson
King Goat,King Goat
King Witch,King Witch
King Witch,KING WITCH
King Woman,King Woman
Klaus Badelt & Mark Batson,Klaus Badelt & Mark Batson
Kneejerk,Kneejerk
Knock Me Out,Knock Me Out
Kolossus,Kolossus
Konkhra,Konkhra
Kontinuum,Kontinuum
Korn,Korn
Korn & The Dust Brothers,Korn & The Dust Brothers
Krallice,Krallice
Kronos Quartet,Kronos Quartet
Kurokuma,Kurokuma
Kylesa,Kylesa
Labrat,Labrat
Lantlôs,Lantlôs
Latitudes,Latitudes
Led Zeppelin,Led Zeppelin
Leeched,Leeched
Legion of Andromeda,Legion of Andromeda
Leonard Cohen,Leonard Cohen
Leprous,Leprous
Les Discrets,Les Discrets
Life of Agony,Life Of Agony
Lil' Boots,Lil' Boots
Lion,Lion
Lisa Gerrard,Lisa Gerrard
Lisa Gerrard & Pieter Bourke,Lisa Gerrard & Pieter Bourke
Live,Live
LLNN,LLNN
LockUp,LockUp
Locrian,Locrain
Locrian,Locrian
Lord Dying,Lord Dying
Lords of Acid,Lords of Acid
Lori Carson & Graeme Revell,Lori Carson & Graeme Revell
Lucifers Corpus,Lucifers Corpus
Luddite Clone,Luddite Clone
Ludicra,Ludicra
M83,M83
Machine Head,Machine Head
Mahavishnu Orchestra,Mahavishnu Orchestra
Mahavishnu Orchestra,Mahavishnu Orchestra with The London Symphony Orchestra
Manatees,Manatees
Manes,Manes
Man Must Die,Man Must Die
Mansun & 808 State,Mansun & 808 State
Manzanita,Manzanita
Marduk,Marduk
Marilyn Manson,Marilyn Manson
Marilyn Manson & Sneaker Pimps,Marilyn Manson & Sneaker Pimps
Mark Isham,Mark Isham
Maschine,Maschine
Mass Effect,Mass Effect
Mastodon,Mastodon
Maybeshewill,Maybeshewill
Mayhem,Mayhem
Me And That Man,Me And That Man
Meat Loaf,Meat Loaf
Medulla Nocte & Freebase,Medulla Nocte & Freebase
Megadeth,Megadeth
Melechesh,Melechesh
Melissa Auf der Maur,Melissa Auf der Maur
Melvins,Melvins
Mencea,Mencea
ME PHI ME/Jeriko One,ME PHI ME/Jeriko One
Meshuggah,Meshuggah
Metallica,Metallica
Metallica & DJ Spooky,Metallica & DJ Spooky
Michael Brook,Michael Brook
Michael Kamen And Orbital,Michael Kamen And Orbital
Michael Mann,Michael Mann
Mike Oldfield,Mike Oldfield
Miles Davis,Miles Davis
Mithras,Mithras
Mizmor,Mizmor
Moby,Moby
Moby feat. Patti Labelle,Moby feat. Patti Labelle
Mogwai,Mogwai
MONO,MONO
Monster Magnet,Monster Magnet
Morbid Angel,Morbid Angel
Morbus Chron,Morbus Chron
Motorpsycho,Motorpsycho
Motorpsycho and Ståle Storløkken,Motorpsycho and Ståle Storløkken
Mountains Crave,Mountains Crave
Mount Eerie,Mount Eerie
Muse,Muse
My Chemical Romance,My Chemical Romance
My Dying Bride,My Dying Bride
Myrkskog,Myrkskog
myrkur,Myrkur
N.R.G.,N.R.G.
Nachtmystium,Nachtmystium
Nailbomb,Nailbomb
Nailed To Obscurity,Nailed To Obscurity
Nails,Nails
naisian,naisian
Naked Cousin,Naked Cousin
Napalm Death,Napalm Death
Nasum,Nasum
Nat King Cole,Nat King Cole
Nazi,Nazi
Negative Plane,Negative Plane
Negurã Bunget,Negura Bunget
Negurã Bunget,Negurã Bunget
Negurã Bunget,Negură Bunget
Neil Young,Neil Young
Neil Young and Crazy Horse,Neil Young & Crazy Horse
Neil Young and Crazy Horse,Neil Young + Crazy Horse
Ne Obliviscaris,Ne Obliviscaris
Neurosis,Neurosis
Neurosis & Jarboe,Neurosis & Jarboe
Nevermore,Nevermore
New Keepers Of The Water Towers,New Keepers Of The Water Towers
Nile,Nile
Nina Simone,Nina Simone
Nine Inch Nails,Nine Inch Nails
Nirvana,Nirvana
Nirvana,NIRVANA
Nine Inch Nails,NIИ
NOFX,NOFX
Nonpoint,Nonpoint
Noothgrush/Coffins,Noothgrush/Coffins
Northern Oak,Northern Oak
Nothing,Nothing
Not Waving But Drowning,Not Waving But Drowning
Oathbreaker,Oathbreaker
Obituary,Obituary
Oceans of Slumber,Oceans of Slumber
Octavia Sperati,Octavia Sperati
October File,October File
Of Spire & Throne,Of Spire & Throne
OHHMS,Ohhms
OHHMS,OHHMS
Old Man Gloom,Old Man Gloom
Om,Om
Ommadon,Ommadon
Omnium Gatherum,Omnium Gatherum
On The Surface,On The Surface
Opeth,Opeth
Orange 9mm,Orange 9mm
Orange Goblin,Orange Goblin
Oranssi Pazuzu,Oranssi Pazuzu
Orbital & Kirk Hammett,Orbital & Kirk Hammett
Original Soundtrack,Original Soundtrack
Orphaned Land,Orphaned Land
Ortega,Ortega
Pain Of Salvation,Pain Of Salvation
Pallbearer,Pallbearer
Palm Reader,Palm Reader
Panopticon,Panopticon
Pantera,Pantera
Pantheon I,Pantheon I
Paper Dress,Paper Dress
Paradise Lost,Paradise Lost
Passengers,Passengers
Paul Haslinger,Paul Haslinger
Paul Simon,Paul Simon
paw,Paw
Pearl Jam,Pearl Jam
Eddie Vedder,Pearl Jam - Eddie Vedder
Peccatum,Peccatum
Pelican,Pelican
Pendulum,Pendulum
Periphery,Periphery
Peter Gabriel & Deep Forest,Peter Gabriel & Deep Forest
Pet lamb,Pet lamb
Philip Glass,Philip Glass
"Philip Glass, Allen Ginsberg","Philip Glass, Allen Ginsberg"
Pijn,Pijn
Pillorian,Pillorian
Pink Floyd,PINK_FLOYD
Pink Floyd,Pink Floyd
Pinkish Black,Pinkish Black
Pitchshifter,Pitchshifter
Pitchshifter,Pitch Shifter
Porcupine Tree,Porcupine Tree
Portal,Portal
Power Trip,Power Trip
Primal Fear,Primal Fear
Primordial,Primordial
Probot,Probot
Prodigy & Tom Morello,Prodigy & Tom Morello
Prong,Prong
Protest and Resist,Protest and Resist
Prurient,Prurient
Psalm Zero,Psalm Zero
Psychotic Waltz,Psychotic Waltz
Pulkas,Pulkas
Pyramids,Pyramids
Pyramids With Nadja,Pyramids With Nadja
Queens of the Stone Age,Queens of the Stone Age
Queens of the Stone Age,Queens Of The Stone Age
Queensrÿche,Queensryche
Queensrÿche,Queensrÿche
R.E.M.,R.E.M.
Radiohead,Radiohead
Rage Against the Machine,Rage Against the Machine
Rage Against the Machine,Rage Against The Machine
Raging Speedhorn,Raging Speedhorn
Ramage Inc.,Ramage Inc.
Red Hot Chilli Peppers,RED_HOT_CHILI_PEPPERS
Red Fang,Red Fang
Red Harvest,Red Harvest
Red Sparowes,Red Sparowes
Respire,Respire
Revocation,Revocation
Rivers of Nihil,Rivers of Nihil
Rocket From The Crypt,Rocket From The Crypt
Royal Thunder,Royal Thunder
Runemaster,Runemaster
Rush,Rush
Russian Circles,Russian Circles
Sabbat,Sabbat
Sabbath Assembly,Sabbath Assembly
SAHG,SAHG
Salome,Salome
Same Mind,Same Mind
Saor,Saor
Sapien,Sapien
Satchel,Satchel
Satyricon,Satyricon
Scalplock,Scalplock
Schammasch,Schammasch
Scordatura,Scordatura
Scott Kelly,Scott Kelly
Sean Olson,Sean Olson
Secrets of the moon,Secrets of the moon
Secrets of the moon,Secrets Of The Moon
Sepctic Flesh,Sepctic Flesh
Sepultura,Sepultura
Shadows Fall,Shadows Fall
Shelf Life,Shelf Life
Shelter,Shelter
Shinedown,Shinedown
Shining,Shining
Shrinebuilder,Shrinebuilder
Sick of it All,Sick of it All
Sigh,Sigh
Sigur Ros,Sigur Ros
SikTh,SikTh
Silverchair,Silverchair
Silverchair & Vitro,Silverchair & Vitro
Simon & Garfunkel,Simon & Garfunkel
Sinistro,Sinistro
Skeletonwitch,Skeletonwitch
Skkunk Anansie,Skkunk Anansie
Skuggsjá,Skuggsjá
Skunk Anansie,Skunk Anansie
Slabdragger,Slabdragger
Slayer,Slayer
Slayer & Atari Teenage Riot,Slayer & Atari Teenage Riot
Sleep,Sleep
Slugdge,Slugdge
Snapcase,Snapcase
snowblood,Snowblood
Soen,Soen
Soilwork,Soilwork
Solar Sons,Solar Sons
Solefald,Solefald
Solstafir,Solstafir
Sonata Arctica,Sonata Arctica
Soul Coughing & Roni Size,Soul Coughing & Roni Size
Soulfly,Soulfly
Soundgarden,Soundgarden
Soundisciples,Soundisciples
Soundtracks,Soundtracks
Spectre General,Spectre General
Spineshank,Spineshank
Spires,Spires
Spirit Adrift,Spirit Adrift
Spirit Adrift,SpiritAdrift.Prosthetic
Spit,Spit
SPLIT,SPLIT
Squalus,Squalus
Stabbing Westward & Wink,Stabbing Westward & Wink
Stan Bush,Stan Bush
Stan Bush & Vince DiCola,Stan Bush & Vince DiCola
Starofash,Starofash
Static-X,Static-X
Stereophonics,Stereophonics
Steven Wilson,Steven Wilson
Steve Reich,Steve Reich
Steve von Till,Steve von Till
Stinking Lizaveta,Stinking Lizaveta
Stone Temple Pilots,Stone Temple Pilots
Storm Corrosion,Storm Corrosion
Strange Fruit,Strange Fruit
Strapping Young Lad,Strapping Young Lad
Stuck Mojo,Stuck Mojo
Philip Glass,Stuttgart Chamber Orchestra (Philip Glass)
Philip Glass,Stuttgart State Opera Orchestra and Chorus (Philip Glass)
SubRosa,SubRosa
Suffocation,Suffocation
Sumac,Sumac
Sumac & Keiji Haino,Sumac & Keiji Haino
Sun Dial,Sun Dial
Sunn O))),Sunn O)))
Sunn O))) & Boris,sunn O))) & Boris
Sun Of The Sleepless,Sun Of The Sleepless
Superjoint Ritual,Superjoint Ritual
Svalbard,Svalbard
SwampheavY,SwampheavY
Sweven,Sweven
System Of A Down,System Of A Down
Sólstafir,Sólstafir
Taint,Taint
Tapping the Vein,Tapping the Vein
Tau Cross,Tau Cross
Ted Maul,Ted Maul
Teething,Teething
Terje Rypdal,Terje Rypdal
Terje Rypdal & The Chasers,Terje Rypdal & The Chasers
Terrorvision,Terrorvision
Tesseract,Tesseract
Tesseract,TesseracT
Testament,Testament
Textures,Textures
The Atlas Moth,The Atlas Moth
The Axis Of Perdition,The Axis Of Perdition
The Blueprint,The Blueprint
The Devil's Footprints,The Devil's Footprints
The Dillinger Escape Plan,The Dillinger Escape Plan
The Dillinger Escape Plan with Mike Patton,The Dillinger Escape Plan with Mike Patton
The Embalming of Gods,The Embalming of Gods
The End,The End
The Fantomas Melvins Big Band,The Fantomas Melvins Big Band
The Gathering,The Gathering
The Great Deceiver,The Great Deceiver
The Great Old Ones,The Great Old Ones
The Haunted,The Haunted
The Infernal Sea,The Infernal Sea
The Jimi Hendrix Experience,The Jimi Hendrix Experience
The Mars Volta,The Mars Volta
The Matrix,The Matrix
Them Crooked Vultures,Them Crooked Vultures
The Ocean,The Ocean
The Philip Glass Ensemble,The Philip Glass Ensemble
Therapy?,Therapy?
The Smashing Pumpkins,The Smashing Pumpkins
The Sword,The Sword
The Vision Bleak,The Vision Bleak
The Wildhearts,The Wildhearts
The Witch of Wookey Hole,The Witch of Wookey Hole
The Wounded Kings,The Wounded Kings
The Wretched End,The Wretched End
Thirty Seconds Until Armageddon,Thirty Seconds Until Armageddon
Thorns,Thorns
Thorns vs Emperor,Thorns vs Emperor
Threshold,Threshold
To-Mera,To-Mera
Today is the Day,Today is the Day
Today is the Day,Today Is The Day
Todtgelichter,Todtgelichter
Tomahawk,Tomahawk
Tomb Mold,Tomb Mold
Tombs,Tombs
Tonite Is A Special Nite -Tricky vs The Gravediggaz,Tonite Is A Special Nite -Tricky vs The Gravediggaz
Tool,Tool
Torche,Torche
Touchstone,Touchstone
Traffic,Traffic
Tribulation,Tribulation
Tricky,Tricky
Trioscapes,Trioscapes
Triptykon,Triptykon
Trivium,Trivium
Tura Satana,Tura Satana
Turisas,Turisas
Turmoil,Turmoil
Tusk,Tusk
Twin Zero,Twin Zero
Type O Negative,Type O Negative
Uada,Uada
Uada,UADA
Ulver,Ulver
Ulver,ULVER
Uncle Acid & The Deadbeats,Uncle Acid & The Deadbeats
Unearth,Unearth
Unearthly Trance,Unearthly Trance
Vader,Vader
Vallenfyre,Vallenfyre
Vangelis,Vangelis
Vanum,Vanum
Various,Various
VASA,VASA
Veil Of Maya,Veil Of Maya
Vektor,Vektor
Venomous Concept,Venomous Concept
Venom Prison,Venom Prison
VHOL,VHOL
VHOL,Vhöl
Vince DiCola,Vince DiCola
Vinnum Sabbathi,Vinnum Sabbathi
Virus,Virus
Vision of Disorder,Vision of Disorder
Vision of Disorder,Vision Of Disorder
Voices,Voices
Voivod,Voivod
Vomit The Soul,Vomit The Soul
Vreid,Vreid
Vulture Industries,Vulture Industries
Vulture Industries,VULTURE INDUSTRIES 
Walls of Jericho,Walls of Jericho
War Drum,War Drum
Wardruna,Wardruna
Waste of Space Orchestra,Waste of Space Orchestra
Watain,Watain
Weather Report,Weather Report
White Zombie,White Zombie
Wiegedood,wiegedood
Wiegedood,Wiegedood
John Williams,"Williams, John"
Winterfylleth,Winterfylleth
Witchcraft,Witchcraft
Witch Mountain, Witch Mountain
Withdrawn,withdrawn
Witherscape,Witherscape
With The Dead,With The Dead
Wode,Wode
Wodensthrone,Wodensthrone
Woe,Woe
Wolvencrown,Wolvencrown
Wolves in the Throne Room,Wolves in the Throne Room
Wolves in the Throne Room,Wolves In The Throne Room
Worm Ouroboros,Worm Ouroboros
Wren,Wren
Yakuza,Yakuza
Yes,Yes
Yob,Yob
Yob,YOB
You Really Got Me,You Really Got Me
Zyklon,
Úir,Úir
Mizmor,מזמור
菅野よう子,菅野よう子
